com.samsung.shealth.step_daily_trend,6313013,6
binning_data,update_time,create_time,source_pkg_name,source_type,count,speed,distance,calorie,deviceuuid,pkg_name,datauuid,day_time
28e20123-3182-49b9-ae58-801ec6ce9526.binning_data.json,2026-02-09 20:30:00.906,2026-02-09 20:28:45.135,com.sec.android.app.shealth,-2,51,1.0734358,37.239998,1.8500001,VfS0qUERdZ,com.sec.android.app.shealth,28e20123-3182-49b9-ae58-801ec6ce9526,1770595200000,
ba0a8c66-8b5c-49f7-97a5-05f772787ab2.binning_data.json,2026-02-09 20:30:00.627,2026-02-09 20:30:00.627,com.sec.android.app.shealth,0,51,1.0734358,37.239998,1.8500001,9D1LETwId9,com.sec.android.app.shealth,ba0a8c66-8b5c-49f7-97a5-05f772787ab2,1770595200000,
c31d6ff3-ac11-4a87-b8ca-280d9a7a53a5.binning_data.json,2026-02-10 20:06:59.806,2026-02-09 20:30:01.189,com.sec.android.app.shealth,-2,2944,1.162583,2217.46,112.71999,VfS0qUERdZ,com.sec.android.app.shealth,c31d6ff3-ac11-4a87-b8ca-280d9a7a53a5,1770681600000,
91f2510f-fe24-4884-8556-f68cfb0b378d.binning_data.json,2026-02-10 20:30:00.542,2026-02-10 20:30:00.542,com.sec.android.app.shealth,0,2944,1.162583,2217.46,112.71999,9D1LETwId9,com.sec.android.app.shealth,91f2510f-fe24-4884-8556-f68cfb0b378d,1770681600000,
fae9788d-f800-4df8-a1ff-7faaf4b56161.binning_data.json,2026-02-11 20:19:55.309,2026-02-10 20:44:40.222,com.sec.android.app.shealth,-2,3751,1.2114291,2833.89,144.34999,VfS0qUERdZ,com.sec.android.app.shealth,fae9788d-f800-4df8-a1ff-7faaf4b56161,1770768000000,
735572a8-9786-4461-8270-558c3d7ff9e9.binning_data.json,2026-02-11 20:30:00.721,2026-02-11 20:30:00.721,com.sec.android.app.shealth,0,3751,1.2114291,2833.89,144.34999,9D1LETwId9,com.sec.android.app.shealth,735572a8-9786-4461-8270-558c3d7ff9e9,1770768000000,
4caef61d-b14b-4b66-b0fa-231ea212dafc.binning_data.json,2026-02-12 20:11:38.868,2026-02-11 21:04:28.170,com.sec.android.app.shealth,-2,2906,1.2120991,2212.96,114.62,VfS0qUERdZ,com.sec.android.app.shealth,4caef61d-b14b-4b66-b0fa-231ea212dafc,1770854400000,
8f53168e-c597-48e8-8527-0fb2a24a77f1.binning_data.json,2026-02-12 20:30:00.925,2026-02-12 20:30:00.925,com.sec.android.app.shealth,0,2906,1.2120991,2212.96,114.62,9D1LETwId9,com.sec.android.app.shealth,8f53168e-c597-48e8-8527-0fb2a24a77f1,1770854400000,
3d6eef44-c4a1-4330-9576-44931e29f654.binning_data.json,2026-02-13 18:27:47.855,2026-02-12 20:35:52.091,com.sec.android.app.shealth,-2,3729,1.2709978,2865.2,144.8,VfS0qUERdZ,com.sec.android.app.shealth,3d6eef44-c4a1-4330-9576-44931e29f654,1770940800000,
8c346ecd-5709-4bcb-b54c-bd1039bd8bd2.binning_data.json,2026-02-13 20:30:00.838,2026-02-13 20:30:00.838,com.sec.android.app.shealth,0,3729,1.2709978,2865.2,144.8,9D1LETwId9,com.sec.android.app.shealth,8c346ecd-5709-4bcb-b54c-bd1039bd8bd2,1770940800000,
133578bb-2582-486d-b091-4120e9a4cff9.binning_data.json,2026-02-14 19:38:46.186,2026-02-13 20:43:40.729,com.sec.android.app.shealth,-2,4038,1.2216398,3022.52,152.34,VfS0qUERdZ,com.sec.android.app.shealth,133578bb-2582-486d-b091-4120e9a4cff9,1771027200000,
3803f55d-175a-4a96-8e02-2cdfb317645d.binning_data.json,2026-02-14 20:30:00.555,2026-02-14 20:30:00.555,com.sec.android.app.shealth,0,4038,1.2216398,3022.52,152.34,9D1LETwId9,com.sec.android.app.shealth,3803f55d-175a-4a96-8e02-2cdfb317645d,1771027200000,
ecab8b09-9de6-47ef-927c-0c1deebfa789.binning_data.json,2026-02-15 20:05:45.563,2026-02-14 20:44:51.051,com.sec.android.app.shealth,-2,3095,1.1712453,2338.23,119.84,VfS0qUERdZ,com.sec.android.app.shealth,ecab8b09-9de6-47ef-927c-0c1deebfa789,1771113600000,
eac07798-4117-4a69-93cd-8e05f96a6e5a.binning_data.json,2026-02-15 20:30:00.909,2026-02-15 20:30:00.909,com.sec.android.app.shealth,0,3095,1.1712453,2338.23,119.84,9D1LETwId9,com.sec.android.app.shealth,eac07798-4117-4a69-93cd-8e05f96a6e5a,1771113600000,
2c26e739-0d2c-43f5-b3b2-6a40753c8ad4.binning_data.json,2026-02-16 19:59:47.717,2026-02-15 21:19:29.207,com.sec.android.app.shealth,-2,6760,1.2491609,5126.9897,214.82999,VfS0qUERdZ,com.sec.android.app.shealth,2c26e739-0d2c-43f5-b3b2-6a40753c8ad4,1771200000000,
a147ff23-4923-4d7f-862f-69c487bd83ad.binning_data.json,2026-02-16 20:30:01.491,2026-02-16 20:30:01.491,com.sec.android.app.shealth,0,6760,1.2491609,5126.9897,214.82999,9D1LETwId9,com.sec.android.app.shealth,a147ff23-4923-4d7f-862f-69c487bd83ad,1771200000000,
1718c3d1-4ab2-4aa3-9bd5-29b86d63743e.binning_data.json,2026-02-17 19:58:34.112,2026-02-16 20:31:44.448,com.sec.android.app.shealth,-2,3058,1.221934,2344.34,100.16999,VfS0qUERdZ,com.sec.android.app.shealth,1718c3d1-4ab2-4aa3-9bd5-29b86d63743e,1771286400000,
cf4a0172-e686-45f1-98e8-9ccfa4fb2581.binning_data.json,2026-02-17 20:30:00.638,2026-02-17 20:30:00.638,com.sec.android.app.shealth,0,3058,1.221934,2344.34,100.16999,9D1LETwId9,com.sec.android.app.shealth,cf4a0172-e686-45f1-98e8-9ccfa4fb2581,1771286400000,
fc29d2b1-329d-4051-87e7-00f350bc4b65.binning_data.json,2026-02-19 20:30:01.357,2026-02-17 20:30:09.799,com.sec.android.app.shealth,-2,4073,1.1942396,3046.04,128.71999,VfS0qUERdZ,com.sec.android.app.shealth,fc29d2b1-329d-4051-87e7-00f350bc4b65,1771372800000,
be15ece4-9fd4-45b5-8f81-5f6ec3d0ac11.binning_data.json,2026-02-18 20:30:17.920,2026-02-18 20:30:00.696,com.sec.android.app.shealth,0,4073,1.1942396,3046.04,128.71999,9D1LETwId9,com.sec.android.app.shealth,be15ece4-9fd4-45b5-8f81-5f6ec3d0ac11,1771372800000,
86f41e0f-a3de-44b3-9eec-4972ce628cf2.binning_data.json,2026-02-19 20:30:01.012,2026-02-18 20:30:17.915,com.sec.android.app.shealth,0,3945,1.2049189,2966.73,124.91998,9D1LETwId9,com.sec.android.app.shealth,86f41e0f-a3de-44b3-9eec-4972ce628cf2,1771459200000,
e9c84010-8887-470b-907d-1363acc6155e.binning_data.json,2026-02-19 20:21:19.786,2026-02-18 20:30:18.177,com.sec.android.app.shealth,-2,3945,1.2049189,2966.73,124.91998,VfS0qUERdZ,com.sec.android.app.shealth,e9c84010-8887-470b-907d-1363acc6155e,1771459200000,
d087730e-50ef-497c-aba9-a9bb33463748.binning_data.json,2026-02-20 20:23:01.125,2026-02-19 20:31:08.892,com.sec.android.app.shealth,-2,4943,1.273072,3771.87,157.46999,VfS0qUERdZ,com.sec.android.app.shealth,d087730e-50ef-497c-aba9-a9bb33463748,1771545600000,
3bd4c208-f1e7-49c9-816e-7e9cca7f3d54.binning_data.json,2026-02-20 20:30:01.780,2026-02-20 20:30:01.780,com.sec.android.app.shealth,0,4943,1.273072,3771.87,157.46999,9D1LETwId9,com.sec.android.app.shealth,3bd4c208-f1e7-49c9-816e-7e9cca7f3d54,1771545600000,
3a602530-a3a7-41c6-b3cb-09c5f3301839.binning_data.json,2026-02-21 20:24:21.052,2026-02-20 21:11:13.581,com.sec.android.app.shealth,-2,13535,1.2616396,10192.14,417.38998,VfS0qUERdZ,com.sec.android.app.shealth,3a602530-a3a7-41c6-b3cb-09c5f3301839,1771632000000,
fd1ec86c-9d11-4bc0-972f-55057bf64f53.binning_data.json,2026-02-21 20:30:00.897,2026-02-21 20:30:00.897,com.sec.android.app.shealth,0,13535,1.2616396,10192.14,417.38998,9D1LETwId9,com.sec.android.app.shealth,fd1ec86c-9d11-4bc0-972f-55057bf64f53,1771632000000,
a01be6d6-2039-4068-b702-6b070abbb6d2.binning_data.json,2026-02-22 19:31:45.127,2026-02-21 21:26:30.862,com.sec.android.app.shealth,-2,3893,1.1725574,2912.07,123.01999,VfS0qUERdZ,com.sec.android.app.shealth,a01be6d6-2039-4068-b702-6b070abbb6d2,1771718400000,
7dde6dd4-e902-440d-bc68-639d17e9ea19.binning_data.json,2026-02-22 20:30:01.077,2026-02-22 20:30:01.077,com.sec.android.app.shealth,0,3893,1.1725574,2912.07,123.01999,9D1LETwId9,com.sec.android.app.shealth,7dde6dd4-e902-440d-bc68-639d17e9ea19,1771718400000,
0a2f07bb-86de-4220-95cb-3c3ceb037a5b.binning_data.json,2026-02-23 20:29:28.249,2026-02-22 21:18:59.852,com.sec.android.app.shealth,-2,3210,1.1796522,2413.39,103.179985,VfS0qUERdZ,com.sec.android.app.shealth,0a2f07bb-86de-4220-95cb-3c3ceb037a5b,1771804800000,
4f1ec5ed-9c92-4a32-8431-5a35c764232c.binning_data.json,2026-02-23 20:30:00.877,2026-02-23 20:30:00.877,com.sec.android.app.shealth,0,3210,1.1796522,2413.39,103.179985,9D1LETwId9,com.sec.android.app.shealth,4f1ec5ed-9c92-4a32-8431-5a35c764232c,1771804800000,
6a4efd90-95ac-45dc-93f7-c4a4bb2ad1f4.binning_data.json,2026-02-24 20:24:17.506,2026-02-23 20:31:29.201,com.sec.android.app.shealth,-2,2034,1.1145296,1510.94,65.51999,VfS0qUERdZ,com.sec.android.app.shealth,6a4efd90-95ac-45dc-93f7-c4a4bb2ad1f4,1771891200000,
bea19c68-ab83-4f98-8010-9cd0313a50c1.binning_data.json,2026-02-24 20:30:00.835,2026-02-24 20:30:00.835,com.sec.android.app.shealth,0,2034,1.1145296,1510.94,65.51999,9D1LETwId9,com.sec.android.app.shealth,bea19c68-ab83-4f98-8010-9cd0313a50c1,1771891200000,
ea101bd4-fc7f-4e22-93c4-4be941d88101.binning_data.json,2026-02-25 20:07:34.280,2026-02-24 20:43:18.895,com.sec.android.app.shealth,-2,5773,1.2495599,4371.1797,182.43,VfS0qUERdZ,com.sec.android.app.shealth,ea101bd4-fc7f-4e22-93c4-4be941d88101,1771977600000,
ae052999-b5dd-4723-a0e5-4f504cbd2933.binning_data.json,2026-02-25 20:30:01.128,2026-02-25 20:30:01.128,com.sec.android.app.shealth,0,5773,1.2495599,4371.1797,182.43,9D1LETwId9,com.sec.android.app.shealth,ae052999-b5dd-4723-a0e5-4f504cbd2933,1771977600000,
c4475825-7c7f-4af1-ab7c-3af977468632.binning_data.json,2026-02-26 20:04:13.773,2026-02-25 21:05:23.740,com.sec.android.app.shealth,-2,3609,1.1866208,2729.36,117.10999,VfS0qUERdZ,com.sec.android.app.shealth,c4475825-7c7f-4af1-ab7c-3af977468632,1772064000000,
54001c2b-a04b-43e0-b337-b683fc2e5eb8.binning_data.json,2026-02-26 20:30:01.648,2026-02-26 20:30:01.648,com.sec.android.app.shealth,0,3609,1.1866208,2729.36,117.10999,9D1LETwId9,com.sec.android.app.shealth,54001c2b-a04b-43e0-b337-b683fc2e5eb8,1772064000000,
d2cfecdb-7439-4d03-9451-98aba13412fb.binning_data.json,2026-02-27 19:49:49.595,2026-02-26 21:02:50.282,com.sec.android.app.shealth,-2,2643,1.0958762,1962.81,84.75999,VfS0qUERdZ,com.sec.android.app.shealth,d2cfecdb-7439-4d03-9451-98aba13412fb,1772150400000,
dfaa4d53-fcc5-4819-a321-2c0f1793b69d.binning_data.json,2026-02-27 20:30:00.556,2026-02-27 20:30:00.556,com.sec.android.app.shealth,0,2643,1.0958762,1962.81,84.75999,9D1LETwId9,com.sec.android.app.shealth,dfaa4d53-fcc5-4819-a321-2c0f1793b69d,1772150400000,
d7591f2c-319a-4252-a125-33ab82319669.binning_data.json,2026-02-28 20:13:59.374,2026-02-27 20:52:43.053,com.sec.android.app.shealth,-2,6579,1.3127027,5045.3403,207.38998,VfS0qUERdZ,com.sec.android.app.shealth,d7591f2c-319a-4252-a125-33ab82319669,1772236800000,
e971b256-7d24-4c93-ad8e-2ed7d020e1ef.binning_data.json,2026-02-28 20:30:01.087,2026-02-28 20:30:01.087,com.sec.android.app.shealth,0,6579,1.3127027,5045.3403,207.38998,9D1LETwId9,com.sec.android.app.shealth,e971b256-7d24-4c93-ad8e-2ed7d020e1ef,1772236800000,
8072b343-8519-4961-82a8-66f58178a6f0.binning_data.json,2026-03-01 20:07:37.989,2026-02-28 21:10:45.897,com.sec.android.app.shealth,-2,1889,1.1502701,1439.02,63.079994,VfS0qUERdZ,com.sec.android.app.shealth,8072b343-8519-4961-82a8-66f58178a6f0,1772323200000,
596d21b4-2c50-4570-959d-539716fbf272.binning_data.json,2026-03-01 20:30:00.763,2026-03-01 20:30:00.763,com.sec.android.app.shealth,0,1889,1.1502701,1439.02,63.079994,9D1LETwId9,com.sec.android.app.shealth,596d21b4-2c50-4570-959d-539716fbf272,1772323200000,
614069c1-a257-4280-82e1-541e6aace14a.binning_data.json,2026-03-02 19:54:35.525,2026-03-01 20:57:03.992,com.sec.android.app.shealth,-2,3540,1.3287867,2789.1,119.19999,VfS0qUERdZ,com.sec.android.app.shealth,614069c1-a257-4280-82e1-541e6aace14a,1772409600000,
262c488f-d4a7-4f2c-a0cb-09c92fb245ca.binning_data.json,2026-03-02 20:30:02.361,2026-03-02 20:30:02.361,com.sec.android.app.shealth,0,3540,1.3287867,2789.1,119.19999,9D1LETwId9,com.sec.android.app.shealth,262c488f-d4a7-4f2c-a0cb-09c92fb245ca,1772409600000,
500a183d-4b05-4789-b4d0-14ffb9c8de3d.binning_data.json,2026-03-04 20:30:01.133,2026-03-02 21:08:07.797,com.sec.android.app.shealth,-2,2247,1.1578964,1699.73,74.31,VfS0qUERdZ,com.sec.android.app.shealth,500a183d-4b05-4789-b4d0-14ffb9c8de3d,1772496000000,
5dbb8a74-a580-4d0a-a7f8-a3f5e4e40e4a.binning_data.json,2026-03-03 20:30:44.777,2026-03-03 20:30:01.398,com.sec.android.app.shealth,0,2247,1.1578964,1699.73,74.31,9D1LETwId9,com.sec.android.app.shealth,5dbb8a74-a580-4d0a-a7f8-a3f5e4e40e4a,1772496000000,
26706783-4adc-4d3a-b409-75ccdbedd45a.binning_data.json,2026-03-04 20:02:11.671,2026-03-03 20:30:46.333,com.sec.android.app.shealth,-2,2937,1.146723,2191.43,93.74999,VfS0qUERdZ,com.sec.android.app.shealth,26706783-4adc-4d3a-b409-75ccdbedd45a,1772582400000,
918c3b87-4371-45dc-880a-15d1be0796c5.binning_data.json,2026-03-04 20:30:00.721,2026-03-04 20:30:00.721,com.sec.android.app.shealth,0,2937,1.146723,2191.43,93.74999,9D1LETwId9,com.sec.android.app.shealth,918c3b87-4371-45dc-880a-15d1be0796c5,1772582400000,
68399b77-0406-42c8-ae40-392a685cac94.binning_data.json,2026-03-05 20:24:48.106,2026-03-04 21:18:35.193,com.sec.android.app.shealth,-2,5514,1.2706248,4212.62,176.79,VfS0qUERdZ,com.sec.android.app.shealth,68399b77-0406-42c8-ae40-392a685cac94,1772668800000,
c3046cea-1253-4615-8404-c0771b221d0d.binning_data.json,2026-03-05 20:30:01.073,2026-03-05 20:30:01.073,com.sec.android.app.shealth,0,5514,1.2706248,4212.62,176.79,9D1LETwId9,com.sec.android.app.shealth,c3046cea-1253-4615-8404-c0771b221d0d,1772668800000,
b1e90bf4-5473-491f-add3-4dd54c55eb03.binning_data.json,2026-03-06 19:35:26.204,2026-03-05 20:35:33.302,com.sec.android.app.shealth,-2,4614,1.2445593,3516.77,147.57999,VfS0qUERdZ,com.sec.android.app.shealth,b1e90bf4-5473-491f-add3-4dd54c55eb03,1772755200000,
0248452b-ca28-4e28-b58d-db73ed8a2df0.binning_data.json,2026-03-06 20:30:02.068,2026-03-06 20:30:02.068,com.sec.android.app.shealth,0,4614,1.2445593,3516.77,147.57999,9D1LETwId9,com.sec.android.app.shealth,0248452b-ca28-4e28-b58d-db73ed8a2df0,1772755200000,
ab556320-33db-448a-9d98-7e2317aeec02.binning_data.json,2026-03-07 19:42:26.095,2026-03-06 21:36:02.039,com.sec.android.app.shealth,-2,4253,1.2033584,3186.8398,134.23,VfS0qUERdZ,com.sec.android.app.shealth,ab556320-33db-448a-9d98-7e2317aeec02,1772841600000,
bb8944b1-5a11-4442-aef9-41bc2983cd10.binning_data.json,2026-03-07 20:30:00.908,2026-03-07 20:30:00.908,com.sec.android.app.shealth,0,4253,1.2033584,3186.8398,134.23,9D1LETwId9,com.sec.android.app.shealth,bb8944b1-5a11-4442-aef9-41bc2983cd10,1772841600000,
90220a6c-5bba-4168-bb37-25fc58d143d9.binning_data.json,2026-03-08 19:41:24.973,2026-03-07 20:37:58.831,com.sec.android.app.shealth,-2,3377,1.2409728,2560.09,107.70999,VfS0qUERdZ,com.sec.android.app.shealth,90220a6c-5bba-4168-bb37-25fc58d143d9,1772928000000,
dea6114e-9dd9-41f8-a9d9-cebea60b114d.binning_data.json,2026-03-08 20:30:01.084,2026-03-08 20:30:01.084,com.sec.android.app.shealth,0,3377,1.2409728,2560.09,107.70999,9D1LETwId9,com.sec.android.app.shealth,dea6114e-9dd9-41f8-a9d9-cebea60b114d,1772928000000,
08dedab9-5eba-485b-afdb-9fe994c9b021.binning_data.json,2026-03-09 20:30:00.966,2026-03-08 21:41:07.684,com.sec.android.app.shealth,-2,1498,1.2150621,1168.39,50.969997,VfS0qUERdZ,com.sec.android.app.shealth,08dedab9-5eba-485b-afdb-9fe994c9b021,1773014400000,
62abdd49-6b57-4b2b-a91a-627ec4589f0f.binning_data.json,2026-03-09 20:30:00.777,2026-03-09 20:30:00.777,com.sec.android.app.shealth,0,1498,1.2150621,1168.39,50.969997,9D1LETwId9,com.sec.android.app.shealth,62abdd49-6b57-4b2b-a91a-627ec4589f0f,1773014400000,
6b44a9b4-f666-441b-b5d4-8a80258fd522.binning_data.json,2026-03-10 19:52:41.642,2026-03-09 20:32:52.803,com.sec.android.app.shealth,-2,2829,1.2544858,2164.72,91.079994,VfS0qUERdZ,com.sec.android.app.shealth,6b44a9b4-f666-441b-b5d4-8a80258fd522,1773100800000,
dd56a662-76d6-4b50-ab7b-1fd47c9d2fa6.binning_data.json,2026-03-10 20:30:00.883,2026-03-10 20:30:00.883,com.sec.android.app.shealth,0,2829,1.2544858,2164.72,91.079994,9D1LETwId9,com.sec.android.app.shealth,dd56a662-76d6-4b50-ab7b-1fd47c9d2fa6,1773100800000,
02ee6686-83c5-436e-8096-c32bd382bfb8.binning_data.json,2026-03-11 17:51:14.427,2026-03-10 20:57:28.193,com.sec.android.app.shealth,-2,3071,1.2965292,2341.68,97.2,VfS0qUERdZ,com.sec.android.app.shealth,02ee6686-83c5-436e-8096-c32bd382bfb8,1773187200000,
f223443a-dbaa-4f00-b3e6-318a2d710f33.binning_data.json,2026-03-11 20:30:01.208,2026-03-11 20:30:01.208,com.sec.android.app.shealth,0,3071,1.2965292,2341.68,97.2,9D1LETwId9,com.sec.android.app.shealth,f223443a-dbaa-4f00-b3e6-318a2d710f33,1773187200000,
b5668490-cabd-43c5-b227-501b25fd10ee.binning_data.json,2026-03-12 20:22:17.521,2026-03-11 20:45:42.677,com.sec.android.app.shealth,-2,4368,1.3071328,3347.93,139.32999,VfS0qUERdZ,com.sec.android.app.shealth,b5668490-cabd-43c5-b227-501b25fd10ee,1773273600000,
6efa69e0-83f3-4dcc-92a7-4515c27583f6.binning_data.json,2026-03-12 20:30:00.934,2026-03-12 20:30:00.934,com.sec.android.app.shealth,0,4368,1.3071328,3347.93,139.32999,9D1LETwId9,com.sec.android.app.shealth,6efa69e0-83f3-4dcc-92a7-4515c27583f6,1773273600000,
f9ab52e6-7f09-4e72-93ae-8aa95c0085e3.binning_data.json,2026-03-13 20:29:35.222,2026-03-12 20:47:29.280,com.sec.android.app.shealth,-2,2243,1.1545212,1676.3701,72.20999,VfS0qUERdZ,com.sec.android.app.shealth,f9ab52e6-7f09-4e72-93ae-8aa95c0085e3,1773360000000,
252540f0-8e2c-4199-ac21-894cb7a0408b.binning_data.json,2026-03-13 20:30:00.680,2026-03-13 20:30:00.680,com.sec.android.app.shealth,0,2243,1.1545212,1676.3701,72.20999,9D1LETwId9,com.sec.android.app.shealth,252540f0-8e2c-4199-ac21-894cb7a0408b,1773360000000,
ea2e588b-5662-4cc0-b144-16489e2ca316.binning_data.json,2026-03-14 19:42:24.273,2026-03-13 20:32:42.594,com.sec.android.app.shealth,-2,3560,1.2349038,2696.43,113.70999,VfS0qUERdZ,com.sec.android.app.shealth,ea2e588b-5662-4cc0-b144-16489e2ca316,1773446400000,
863d3f9a-d86d-4d1c-b8de-c7bf42ca27f3.binning_data.json,2026-03-14 20:30:02.158,2026-03-14 20:30:02.158,com.sec.android.app.shealth,0,3560,1.2349038,2696.43,113.70999,9D1LETwId9,com.sec.android.app.shealth,863d3f9a-d86d-4d1c-b8de-c7bf42ca27f3,1773446400000,
2dd9b37b-680a-4c10-b941-59ffa81a468e.binning_data.json,2026-03-15 20:20:17.724,2026-03-14 21:37:02.922,com.sec.android.app.shealth,-2,3825,1.2507405,2902.88,121.399994,VfS0qUERdZ,com.sec.android.app.shealth,2dd9b37b-680a-4c10-b941-59ffa81a468e,1773532800000,
53ea6e26-d35a-4c21-ae47-89392136ef41.binning_data.json,2026-03-15 20:30:01.224,2026-03-15 20:30:01.224,com.sec.android.app.shealth,0,3825,1.2507405,2902.88,121.399994,9D1LETwId9,com.sec.android.app.shealth,53ea6e26-d35a-4c21-ae47-89392136ef41,1773532800000,
2772da47-4c1a-44d7-aabd-3fd63e1295f2.binning_data.json,2026-03-16 19:48:04.598,2026-03-15 22:00:55.859,com.sec.android.app.shealth,-2,2684,1.2285655,2050.31,87.399994,VfS0qUERdZ,com.sec.android.app.shealth,2772da47-4c1a-44d7-aabd-3fd63e1295f2,1773619200000,
e633d931-9d09-4d8f-b707-7dd5d06b0814.binning_data.json,2026-03-16 20:30:01.039,2026-03-16 20:30:01.039,com.sec.android.app.shealth,0,2684,1.2285655,2050.31,87.399994,9D1LETwId9,com.sec.android.app.shealth,e633d931-9d09-4d8f-b707-7dd5d06b0814,1773619200000,
d72cbc81-1e14-4e4d-8562-404c1a289f2f.binning_data.json,2026-03-17 17:46:56.507,2026-03-16 21:34:41.049,com.sec.android.app.shealth,-2,2772,1.172929,2060.25,87.189995,VfS0qUERdZ,com.sec.android.app.shealth,d72cbc81-1e14-4e4d-8562-404c1a289f2f,1773705600000,
af259033-38b0-4253-b16a-ab49686d4344.binning_data.json,2026-03-17 20:30:01.039,2026-03-17 20:30:01.039,com.sec.android.app.shealth,0,2772,1.172929,2060.25,87.189995,9D1LETwId9,com.sec.android.app.shealth,af259033-38b0-4253-b16a-ab49686d4344,1773705600000,
a22a82f2-eeb1-488d-991d-26786e344c33.binning_data.json,2026-03-18 19:51:39.964,2026-03-17 20:41:55.743,com.sec.android.app.shealth,-2,5670,1.3186396,4362.06,180.55998,VfS0qUERdZ,com.sec.android.app.shealth,a22a82f2-eeb1-488d-991d-26786e344c33,1773792000000,
e76b486b-d600-4b9e-b8f7-e59f9a296fde.binning_data.json,2026-03-18 20:30:00.820,2026-03-18 20:30:00.820,com.sec.android.app.shealth,0,5670,1.3186396,4362.06,180.55998,9D1LETwId9,com.sec.android.app.shealth,e76b486b-d600-4b9e-b8f7-e59f9a296fde,1773792000000,
000d2164-adfa-4002-afd1-a398004ce4b2.binning_data.json,2026-03-19 20:13:19.260,2026-03-18 21:50:53.434,com.sec.android.app.shealth,-2,2984,1.21516,2229.76,93.479996,VfS0qUERdZ,com.sec.android.app.shealth,000d2164-adfa-4002-afd1-a398004ce4b2,1773878400000,
012d9e49-6dbc-4890-afc8-7307e16632f5.binning_data.json,2026-03-19 20:30:00.946,2026-03-19 20:30:00.946,com.sec.android.app.shealth,0,2984,1.21516,2229.76,93.479996,9D1LETwId9,com.sec.android.app.shealth,012d9e49-6dbc-4890-afc8-7307e16632f5,1773878400000,
ceb974dc-9a07-461c-9915-797b2c763737.binning_data.json,2026-03-20 19:48:07.304,2026-03-19 21:19:19.987,com.sec.android.app.shealth,-2,4061,1.344661,3169.3398,135.04999,VfS0qUERdZ,com.sec.android.app.shealth,ceb974dc-9a07-461c-9915-797b2c763737,1773964800000,
b4b84213-a5fe-474c-ba27-44c93fe0b91f.binning_data.json,2026-03-20 20:30:01.214,2026-03-20 20:30:01.214,com.sec.android.app.shealth,0,4061,1.344661,3169.3398,135.04999,9D1LETwId9,com.sec.android.app.shealth,b4b84213-a5fe-474c-ba27-44c93fe0b91f,1773964800000,
8d217806-f3ef-4d2b-bbc8-1a2fc389a362.binning_data.json,2026-03-21 20:22:22.913,2026-03-20 21:23:56.825,com.sec.android.app.shealth,-2,3644,1.2153577,2757.83,116.46999,VfS0qUERdZ,com.sec.android.app.shealth,8d217806-f3ef-4d2b-bbc8-1a2fc389a362,1774051200000,
69fd0428-7f10-4faa-88a9-c95418d3ecba.binning_data.json,2026-03-21 20:30:00.867,2026-03-21 20:30:00.867,com.sec.android.app.shealth,0,3644,1.2153577,2757.83,116.46999,9D1LETwId9,com.sec.android.app.shealth,69fd0428-7f10-4faa-88a9-c95418d3ecba,1774051200000,
9c5fdff6-5273-4fa3-a319-183146f92bf3.binning_data.json,2026-03-22 19:48:19.243,2026-03-21 21:40:43.232,com.sec.android.app.shealth,-2,3372,1.2436768,2556.6,107.34999,VfS0qUERdZ,com.sec.android.app.shealth,9c5fdff6-5273-4fa3-a319-183146f92bf3,1774137600000,
ba529ca2-899c-40b0-b671-5d1d4faa2c10.binning_data.json,2026-03-22 20:30:01.009,2026-03-22 20:30:01.009,com.sec.android.app.shealth,0,3372,1.2436768,2556.6,107.34999,9D1LETwId9,com.sec.android.app.shealth,ba529ca2-899c-40b0-b671-5d1d4faa2c10,1774137600000,
de5cfe15-a7f4-41ec-a058-d4243fa09105.binning_data.json,2026-03-23 20:16:25.578,2026-03-22 21:29:54.446,com.sec.android.app.shealth,-2,1904,1.2979075,1521.15,66.67,VfS0qUERdZ,com.sec.android.app.shealth,de5cfe15-a7f4-41ec-a058-d4243fa09105,1774224000000,
aa245b9b-39ba-46eb-9221-26292b63476f.binning_data.json,2026-03-23 20:30:01.008,2026-03-23 20:30:01.008,com.sec.android.app.shealth,0,1904,1.2979075,1521.15,66.67,9D1LETwId9,com.sec.android.app.shealth,aa245b9b-39ba-46eb-9221-26292b63476f,1774224000000,
8e69e671-464f-416f-8b66-587735af13ae.binning_data.json,2026-03-24 20:29:38.119,2026-03-23 20:30:15.249,com.sec.android.app.shealth,-2,5444,1.2182026,4092.19,171.92,VfS0qUERdZ,com.sec.android.app.shealth,8e69e671-464f-416f-8b66-587735af13ae,1774310400000,
ae83ae2f-a975-4796-a780-86b8ad5344da.binning_data.json,2026-03-24 20:30:02.370,2026-03-24 20:30:02.370,com.sec.android.app.shealth,0,5444,1.2182026,4092.19,171.92,9D1LETwId9,com.sec.android.app.shealth,ae83ae2f-a975-4796-a780-86b8ad5344da,1774310400000,
4829bd15-3ed4-4307-be98-4baed1179df0.binning_data.json,2026-03-25 19:51:31.109,2026-03-24 21:59:15.311,com.sec.android.app.shealth,-2,5984,1.3092697,4538.16,186.23,VfS0qUERdZ,com.sec.android.app.shealth,4829bd15-3ed4-4307-be98-4baed1179df0,1774396800000,
fc805d6d-31b5-44fc-9c48-0aa1fa80e6a3.binning_data.json,2026-03-25 20:30:01.485,2026-03-25 20:30:01.485,com.sec.android.app.shealth,0,5984,1.3092697,4538.16,186.23,9D1LETwId9,com.sec.android.app.shealth,fc805d6d-31b5-44fc-9c48-0aa1fa80e6a3,1774396800000,
d8369c3e-7222-429e-92fb-b8a2d4d2c5a1.binning_data.json,2026-03-26 20:04:51.055,2026-03-25 20:56:14.812,com.sec.android.app.shealth,-2,4610,1.2429621,3507.93,148.32999,VfS0qUERdZ,com.sec.android.app.shealth,d8369c3e-7222-429e-92fb-b8a2d4d2c5a1,1774483200000,
966d6c5a-42ba-4f11-b077-7f294e675ee1.binning_data.json,2026-03-26 20:30:00.982,2026-03-26 20:30:00.982,com.sec.android.app.shealth,0,4610,1.2429621,3507.93,148.32999,9D1LETwId9,com.sec.android.app.shealth,966d6c5a-42ba-4f11-b077-7f294e675ee1,1774483200000,
5ab67115-9591-46f5-b3fe-06d11efabc0e.binning_data.json,2026-03-27 20:16:03.775,2026-03-26 20:47:34.602,com.sec.android.app.shealth,-2,4320,1.3910979,3364.25,138.44998,VfS0qUERdZ,com.sec.android.app.shealth,5ab67115-9591-46f5-b3fe-06d11efabc0e,1774569600000,
3a8d2a75-1a3e-4d0b-a6af-b206a758c3b4.binning_data.json,2026-03-27 20:30:01.081,2026-03-27 20:30:01.081,com.sec.android.app.shealth,0,4320,1.3910979,3364.25,138.44998,9D1LETwId9,com.sec.android.app.shealth,3a8d2a75-1a3e-4d0b-a6af-b206a758c3b4,1774569600000,
e91faee8-85c5-4524-ad0c-bb3791c989af.binning_data.json,2026-03-28 20:16:53.947,2026-03-27 20:53:17.718,com.sec.android.app.shealth,-2,2467,1.2189198,1866.59,78.81,VfS0qUERdZ,com.sec.android.app.shealth,e91faee8-85c5-4524-ad0c-bb3791c989af,1774656000000,
c0cb7ab2-f096-4034-8541-b27d59cd2f9e.binning_data.json,2026-03-28 20:30:01.236,2026-03-28 20:30:01.236,com.sec.android.app.shealth,0,2467,1.2189198,1866.59,78.81,9D1LETwId9,com.sec.android.app.shealth,c0cb7ab2-f096-4034-8541-b27d59cd2f9e,1774656000000,
a822342f-6540-45d3-ba73-6de9e9df643e.binning_data.json,2026-03-29 20:24:17.206,2026-03-28 21:36:11.581,com.sec.android.app.shealth,-2,2810,1.2486541,2139.1099,90.10999,VfS0qUERdZ,com.sec.android.app.shealth,a822342f-6540-45d3-ba73-6de9e9df643e,1774742400000,
2fa26f32-8c4c-41e3-b1a6-3aad67dc543e.binning_data.json,2026-03-29 20:30:01.860,2026-03-29 20:30:01.860,com.sec.android.app.shealth,0,2810,1.2486541,2139.1099,90.10999,9D1LETwId9,com.sec.android.app.shealth,2fa26f32-8c4c-41e3-b1a6-3aad67dc543e,1774742400000,
85dc6211-eb89-468a-97f0-66a021478622.binning_data.json,2026-03-30 20:02:36.505,2026-03-29 21:54:21.781,com.sec.android.app.shealth,-2,3126,1.201688,2363.88,101.60999,VfS0qUERdZ,com.sec.android.app.shealth,85dc6211-eb89-468a-97f0-66a021478622,1774828800000,
4593a140-ad04-46e8-a45d-aeb3208c2542.binning_data.json,2026-03-30 20:30:02.251,2026-03-30 20:30:02.251,com.sec.android.app.shealth,0,3126,1.201688,2363.88,101.60999,9D1LETwId9,com.sec.android.app.shealth,4593a140-ad04-46e8-a45d-aeb3208c2542,1774828800000,
82e0e8cd-ae83-4eb1-85be-5f94ee0d10f3.binning_data.json,2026-03-31 19:54:33.398,2026-03-30 21:08:15.763,com.sec.android.app.shealth,-2,5939,1.2591822,4562.27,190.98999,VfS0qUERdZ,com.sec.android.app.shealth,82e0e8cd-ae83-4eb1-85be-5f94ee0d10f3,1774915200000,
701245d1-e4b7-4cd9-ac1b-fa811d3f8289.binning_data.json,2026-03-31 20:30:01.277,2026-03-31 20:30:01.277,com.sec.android.app.shealth,0,5939,1.2591822,4562.27,190.98999,9D1LETwId9,com.sec.android.app.shealth,701245d1-e4b7-4cd9-ac1b-fa811d3f8289,1774915200000,
29ad1a9e-cfd3-45bb-a84a-45c4cf78bcfc.binning_data.json,2026-04-01 20:31:08.982,2026-03-31 20:56:21.077,com.sec.android.app.shealth,-2,3438,1.1979623,2592.7,110.85,VfS0qUERdZ,com.sec.android.app.shealth,29ad1a9e-cfd3-45bb-a84a-45c4cf78bcfc,1775001600000,
aa810d0c-e49c-4781-a6b9-6da848b0c35e.binning_data.json,2026-04-01 20:31:08.487,2026-04-01 20:30:00.892,com.sec.android.app.shealth,0,3438,1.1979623,2592.7,110.85,9D1LETwId9,com.sec.android.app.shealth,aa810d0c-e49c-4781-a6b9-6da848b0c35e,1775001600000,
cf5d1406-0bc3-4935-bd27-957aec18a081.binning_data.json,2026-04-02 20:30:01.119,2026-04-01 20:31:08.484,com.sec.android.app.shealth,0,2817,1.241321,2167.1199,92.17999,9D1LETwId9,com.sec.android.app.shealth,cf5d1406-0bc3-4935-bd27-957aec18a081,1775088000000,
9f1e26f6-768c-4019-8f74-4561f8ec2938.binning_data.json,2026-04-02 19:59:14.129,2026-04-01 20:31:09.017,com.sec.android.app.shealth,-2,2817,1.241321,2167.1199,92.17999,VfS0qUERdZ,com.sec.android.app.shealth,9f1e26f6-768c-4019-8f74-4561f8ec2938,1775088000000,
8ff0de9f-28cf-4a34-9706-b1e2469c3259.binning_data.json,2026-04-03 20:13:33.507,2026-04-02 21:32:21.996,com.sec.android.app.shealth,-2,3988,1.4272078,3160.0999,131.68999,VfS0qUERdZ,com.sec.android.app.shealth,8ff0de9f-28cf-4a34-9706-b1e2469c3259,1775174400000,
030496a7-dff7-416a-a890-a65b542a6c24.binning_data.json,2026-04-03 20:30:01.032,2026-04-03 20:30:01.032,com.sec.android.app.shealth,0,3988,1.4272078,3160.0999,131.68999,9D1LETwId9,com.sec.android.app.shealth,030496a7-dff7-416a-a890-a65b542a6c24,1775174400000,
54fa378a-c5eb-43a5-9d63-d4b3e5f27b13.binning_data.json,2026-04-04 19:21:18.152,2026-04-03 22:04:16.484,com.sec.android.app.shealth,-2,4868,1.2787663,3741.0798,156.99998,VfS0qUERdZ,com.sec.android.app.shealth,54fa378a-c5eb-43a5-9d63-d4b3e5f27b13,1775260800000,
a7a49c6b-a576-48dc-bf7f-c30af5d12a85.binning_data.json,2026-04-04 20:30:01.246,2026-04-04 20:30:01.246,com.sec.android.app.shealth,0,4868,1.2787663,3741.0798,156.99998,9D1LETwId9,com.sec.android.app.shealth,a7a49c6b-a576-48dc-bf7f-c30af5d12a85,1775260800000,
c93c0673-3b12-4e17-9339-6884fe143d2d.binning_data.json,2026-04-05 20:12:41.133,2026-04-04 21:09:00.290,com.sec.android.app.shealth,-2,2831,1.1897205,2130.0,90.34999,VfS0qUERdZ,com.sec.android.app.shealth,c93c0673-3b12-4e17-9339-6884fe143d2d,1775347200000,
e6f3e14b-d344-4ec0-a3e2-5a85dcb1bbd4.binning_data.json,2026-04-05 20:30:00.928,2026-04-05 20:30:00.928,com.sec.android.app.shealth,0,2831,1.1897205,2130.0,90.34999,9D1LETwId9,com.sec.android.app.shealth,e6f3e14b-d344-4ec0-a3e2-5a85dcb1bbd4,1775347200000,
f259b423-49b7-4eb7-9182-acfda29376ba.binning_data.json,2026-04-06 20:15:06.591,2026-04-05 21:42:56.715,com.sec.android.app.shealth,-2,2874,1.1731417,2172.62,93.42999,VfS0qUERdZ,com.sec.android.app.shealth,f259b423-49b7-4eb7-9182-acfda29376ba,1775433600000,
6300e01d-2831-4c82-a6ec-668820249a89.binning_data.json,2026-04-06 20:30:01.071,2026-04-06 20:30:01.071,com.sec.android.app.shealth,0,2874,1.1731417,2172.62,93.42999,9D1LETwId9,com.sec.android.app.shealth,6300e01d-2831-4c82-a6ec-668820249a89,1775433600000,
8fbd50af-bf9c-4516-bc60-3a80ccb1c6f3.binning_data.json,2026-04-07 20:15:07.924,2026-04-06 21:56:55.017,com.sec.android.app.shealth,-2,3252,1.2299699,2449.59,103.28999,VfS0qUERdZ,com.sec.android.app.shealth,8fbd50af-bf9c-4516-bc60-3a80ccb1c6f3,1775520000000,
d2fecf45-6e43-4a59-a91f-945e9d73c6fd.binning_data.json,2026-04-07 20:30:01.136,2026-04-07 20:30:01.136,com.sec.android.app.shealth,0,3252,1.2299699,2449.59,103.28999,9D1LETwId9,com.sec.android.app.shealth,d2fecf45-6e43-4a59-a91f-945e9d73c6fd,1775520000000,
88e9c977-9e67-4d10-899c-49840ca92d49.binning_data.json,2026-04-08 19:50:08.983,2026-04-07 20:55:21.214,com.sec.android.app.shealth,-2,5725,1.2659181,4391.39,184.75998,VfS0qUERdZ,com.sec.android.app.shealth,88e9c977-9e67-4d10-899c-49840ca92d49,1775606400000,
59f302f9-6338-44bb-ada8-f404a8f8c769.binning_data.json,2026-04-08 20:30:00.930,2026-04-08 20:30:00.930,com.sec.android.app.shealth,0,5725,1.2659181,4391.39,184.75998,9D1LETwId9,com.sec.android.app.shealth,59f302f9-6338-44bb-ada8-f404a8f8c769,1775606400000,
b17faa26-17a7-42c5-a1a9-8fd8a60930f5.binning_data.json,2026-04-09 19:41:51.381,2026-04-08 22:58:05.423,com.sec.android.app.shealth,-2,3019,1.2337055,2305.32,98.41999,VfS0qUERdZ,com.sec.android.app.shealth,b17faa26-17a7-42c5-a1a9-8fd8a60930f5,1775692800000,
760ecd36-417c-4dfc-b90f-ce5d4aca7bdd.binning_data.json,2026-04-09 20:30:00.981,2026-04-09 20:30:00.981,com.sec.android.app.shealth,0,3019,1.2337055,2305.32,98.41999,9D1LETwId9,com.sec.android.app.shealth,760ecd36-417c-4dfc-b90f-ce5d4aca7bdd,1775692800000,
3706d7d6-1d9e-4bd1-9a5a-96dad017cc23.binning_data.json,2026-04-10 17:55:58.017,2026-04-09 21:15:31.626,com.sec.android.app.shealth,-2,1721,1.1380813,1295.8,56.599995,VfS0qUERdZ,com.sec.android.app.shealth,3706d7d6-1d9e-4bd1-9a5a-96dad017cc23,1775779200000,
6771b59d-7253-4827-b5d1-dd868df4d59d.binning_data.json,2026-04-10 20:30:01.092,2026-04-10 20:30:01.092,com.sec.android.app.shealth,0,1721,1.1380813,1295.8,56.599995,9D1LETwId9,com.sec.android.app.shealth,6771b59d-7253-4827-b5d1-dd868df4d59d,1775779200000,
b9d03614-2cb3-495f-8f7b-eb855df20952.binning_data.json,2026-04-12 20:30:01.265,2026-04-10 21:29:41.382,com.sec.android.app.shealth,-2,3608,1.2255467,2720.65,114.33999,VfS0qUERdZ,com.sec.android.app.shealth,b9d03614-2cb3-495f-8f7b-eb855df20952,1775865600000,
da8e68f9-1880-45a5-a3cf-38c510fe2d90.binning_data.json,2026-04-11 20:35:02.854,2026-04-11 20:30:00.941,com.sec.android.app.shealth,0,3608,1.2255467,2720.65,114.33999,9D1LETwId9,com.sec.android.app.shealth,da8e68f9-1880-45a5-a3cf-38c510fe2d90,1775865600000,
425bd1a1-f0b6-4daa-b2e7-8130372e2c2f.binning_data.json,2026-04-12 19:22:48.803,2026-04-11 22:16:13.262,com.sec.android.app.shealth,-2,4560,1.2363774,3431.33,142.43999,VfS0qUERdZ,com.sec.android.app.shealth,425bd1a1-f0b6-4daa-b2e7-8130372e2c2f,1775952000000,
4476da31-f70d-4d83-8a1c-5169ab3d45ac.binning_data.json,2026-04-12 20:30:01.146,2026-04-12 20:30:01.146,com.sec.android.app.shealth,0,4560,1.2363774,3431.33,142.43999,9D1LETwId9,com.sec.android.app.shealth,4476da31-f70d-4d83-8a1c-5169ab3d45ac,1775952000000,
6a417162-21e6-484e-9e73-a4b92bd3e8be.binning_data.json,2026-04-13 20:16:05.669,2026-04-12 21:07:34.555,com.sec.android.app.shealth,-2,5029,1.263341,3864.66,163.12,VfS0qUERdZ,com.sec.android.app.shealth,6a417162-21e6-484e-9e73-a4b92bd3e8be,1776038400000,
e5792a2f-26a5-448a-a1c0-ab980e451b5f.binning_data.json,2026-04-13 20:30:00.892,2026-04-13 20:30:00.892,com.sec.android.app.shealth,0,5029,1.263341,3864.66,163.12,9D1LETwId9,com.sec.android.app.shealth,e5792a2f-26a5-448a-a1c0-ab980e451b5f,1776038400000,
0efb1498-4219-4623-ab2d-16f841e3a343.binning_data.json,2026-04-15 20:30:01.131,2026-04-13 20:55:03.937,com.sec.android.app.shealth,-2,5555,1.3673956,4390.54,185.31,VfS0qUERdZ,com.sec.android.app.shealth,0efb1498-4219-4623-ab2d-16f841e3a343,1776124800000,
3efb322b-7244-4204-9919-36ffe0fbe83c.binning_data.json,2026-04-14 20:35:43.927,2026-04-14 20:30:01.805,com.sec.android.app.shealth,0,5555,1.3673956,4390.54,185.31,9D1LETwId9,com.sec.android.app.shealth,3efb322b-7244-4204-9919-36ffe0fbe83c,1776124800000,
1995c6fa-9952-4fef-826b-7cceb1239153.binning_data.json,2026-04-15 19:51:02.547,2026-04-14 20:59:18.574,com.sec.android.app.shealth,-2,3917,1.2670251,2957.55,121.99999,VfS0qUERdZ,com.sec.android.app.shealth,1995c6fa-9952-4fef-826b-7cceb1239153,1776211200000,
2678e5ed-6f2e-472d-affc-f87f443901fb.binning_data.json,2026-04-15 20:30:00.998,2026-04-15 20:30:00.998,com.sec.android.app.shealth,0,3917,1.2670251,2957.55,121.99999,9D1LETwId9,com.sec.android.app.shealth,2678e5ed-6f2e-472d-affc-f87f443901fb,1776211200000,
c637c276-5bd2-42e7-af53-51842ecad770.binning_data.json,2026-04-16 19:38:21.184,2026-04-15 20:54:35.831,com.sec.android.app.shealth,-2,3472,1.1735224,2591.6501,110.03999,VfS0qUERdZ,com.sec.android.app.shealth,c637c276-5bd2-42e7-af53-51842ecad770,1776297600000,
3bc4408e-bd41-4e23-9a42-60d5f7c61fa6.binning_data.json,2026-04-16 20:30:01.422,2026-04-16 20:30:01.422,com.sec.android.app.shealth,0,3472,1.1735224,2591.6501,110.03999,9D1LETwId9,com.sec.android.app.shealth,3bc4408e-bd41-4e23-9a42-60d5f7c61fa6,1776297600000,
5d534d2d-0acb-4157-bee3-5422c200938e.binning_data.json,2026-04-17 20:28:23.160,2026-04-16 21:52:26.707,com.sec.android.app.shealth,-2,1349,1.2189369,1064.08,47.369995,VfS0qUERdZ,com.sec.android.app.shealth,5d534d2d-0acb-4157-bee3-5422c200938e,1776384000000,
2894d57c-e28e-4ad0-bcad-05247ace97e5.binning_data.json,2026-04-17 20:30:01.004,2026-04-17 20:30:01.004,com.sec.android.app.shealth,0,1349,1.2189369,1064.08,47.369995,9D1LETwId9,com.sec.android.app.shealth,2894d57c-e28e-4ad0-bcad-05247ace97e5,1776384000000,
13c18754-7686-431e-9431-4bec064d27b7.binning_data.json,2026-04-18 19:35:04.857,2026-04-17 20:30:32.450,com.sec.android.app.shealth,-2,7732,1.2674499,5865.5,243.54999,VfS0qUERdZ,com.sec.android.app.shealth,13c18754-7686-431e-9431-4bec064d27b7,1776470400000,
d290c57d-d479-49b6-972c-b2cbc4e6ed99.binning_data.json,2026-04-18 20:30:01.200,2026-04-18 20:30:01.200,com.sec.android.app.shealth,0,7732,1.2674499,5865.5,243.54999,9D1LETwId9,com.sec.android.app.shealth,d290c57d-d479-49b6-972c-b2cbc4e6ed99,1776470400000,
6a8d8807-edad-4216-a341-7452caa8dbff.binning_data.json,2026-04-19 19:41:04.063,2026-04-18 22:00:57.307,com.sec.android.app.shealth,-2,7831,1.2332923,5910.1997,244.96997,VfS0qUERdZ,com.sec.android.app.shealth,6a8d8807-edad-4216-a341-7452caa8dbff,1776556800000,
37332bf6-8dcd-4c90-9672-355aacfa3a7b.binning_data.json,2026-04-19 20:30:01.749,2026-04-19 20:30:01.749,com.sec.android.app.shealth,0,7831,1.2332923,5910.1997,244.96997,9D1LETwId9,com.sec.android.app.shealth,37332bf6-8dcd-4c90-9672-355aacfa3a7b,1776556800000,
79dca5a0-d8b2-4ffc-a6ed-a9df11245bc9.binning_data.json,2026-04-20 20:30:01.680,2026-04-19 21:58:57.473,com.sec.android.app.shealth,-2,6968,1.2910293,5272.95,216.56,VfS0qUERdZ,com.sec.android.app.shealth,79dca5a0-d8b2-4ffc-a6ed-a9df11245bc9,1776643200000,
2d08fc9e-4cf9-42dd-a504-bbda2a0e026d.binning_data.json,2026-04-20 20:30:01.029,2026-04-20 20:30:01.029,com.sec.android.app.shealth,0,6968,1.2910293,5272.95,216.56,9D1LETwId9,com.sec.android.app.shealth,2d08fc9e-4cf9-42dd-a504-bbda2a0e026d,1776643200000,
1e2a9bd2-f640-440c-923b-b2daf97c3145.binning_data.json,2026-04-21 20:35:07.578,2026-04-20 20:30:01.043,com.sec.android.app.shealth,0,7841,1.2398311,5918.89,245.62997,9D1LETwId9,com.sec.android.app.shealth,1e2a9bd2-f640-440c-923b-b2daf97c3145,1776729600000,
7e0a9d8a-22d2-41dd-9541-b096a53ba718.binning_data.json,2026-04-21 20:35:07.515,2026-04-20 20:30:01.677,com.sec.android.app.shealth,-2,7841,1.2398311,5918.89,245.62997,VfS0qUERdZ,com.sec.android.app.shealth,7e0a9d8a-22d2-41dd-9541-b096a53ba718,1776729600000,
27ec16f3-e02c-4fbf-92e5-a3c39a7f3ed4.binning_data.json,2026-04-22 18:10:55.490,2026-04-21 22:13:25.456,com.sec.android.app.shealth,-2,2837,1.2205675,2133.53,89.67999,VfS0qUERdZ,com.sec.android.app.shealth,27ec16f3-e02c-4fbf-92e5-a3c39a7f3ed4,1776816000000,
32d35752-6a1d-4e1a-afb7-bcfd7420da07.binning_data.json,2026-04-22 20:30:02.177,2026-04-22 20:30:02.177,com.sec.android.app.shealth,0,2837,1.2205675,2133.53,89.67999,9D1LETwId9,com.sec.android.app.shealth,32d35752-6a1d-4e1a-afb7-bcfd7420da07,1776816000000,
7be3ca80-da7f-4583-bb6b-b27b6dabac5d.binning_data.json,2026-04-23 20:21:43.757,2026-04-22 20:40:50.651,com.sec.android.app.shealth,-2,4688,1.2772672,3544.1199,145.98,VfS0qUERdZ,com.sec.android.app.shealth,7be3ca80-da7f-4583-bb6b-b27b6dabac5d,1776902400000,
15e1ee22-f22e-45cd-bab0-51282b1be06b.binning_data.json,2026-04-23 20:30:01.393,2026-04-23 20:30:01.393,com.sec.android.app.shealth,0,4688,1.2772672,3544.1199,145.98,9D1LETwId9,com.sec.android.app.shealth,15e1ee22-f22e-45cd-bab0-51282b1be06b,1776902400000,
bac814db-634e-48ba-9ed6-8970c9a18eed.binning_data.json,2026-04-25 20:30:01.807,2026-04-23 20:55:10.276,com.sec.android.app.shealth,-2,4924,1.1987228,3706.87,156.12999,VfS0qUERdZ,com.sec.android.app.shealth,bac814db-634e-48ba-9ed6-8970c9a18eed,1776988800000,
18ba5217-8dd3-47a1-b69d-07fad695e861.binning_data.json,2026-04-24 20:30:41.333,2026-04-24 20:30:00.695,com.sec.android.app.shealth,0,4924,1.1987228,3706.87,156.12999,9D1LETwId9,com.sec.android.app.shealth,18ba5217-8dd3-47a1-b69d-07fad695e861,1776988800000,
fd2fa35b-8eca-4e64-be7e-d075c10f9e1e.binning_data.json,2026-04-25 19:27:40.937,2026-04-24 21:04:30.237,com.sec.android.app.shealth,-2,7201,1.2898982,5471.6,226.35999,VfS0qUERdZ,com.sec.android.app.shealth,fd2fa35b-8eca-4e64-be7e-d075c10f9e1e,1777075200000,
fb45d38e-e6b9-425b-8957-862739abfa12.binning_data.json,2026-04-25 20:30:01.366,2026-04-25 20:30:01.366,com.sec.android.app.shealth,0,7201,1.2898982,5471.6,226.35999,9D1LETwId9,com.sec.android.app.shealth,fb45d38e-e6b9-425b-8957-862739abfa12,1777075200000,
ec0555eb-2c81-4c86-85d9-72393d9aa851.binning_data.json,2026-04-26 20:13:13.107,2026-04-25 21:42:48.613,com.sec.android.app.shealth,-2,7082,1.274909,5358.25,221.02997,VfS0qUERdZ,com.sec.android.app.shealth,ec0555eb-2c81-4c86-85d9-72393d9aa851,1777161600000,
4118373f-122f-4a0b-a573-568ec3f83968.binning_data.json,2026-04-26 20:30:00.826,2026-04-26 20:30:00.826,com.sec.android.app.shealth,0,7082,1.274909,5358.25,221.02997,9D1LETwId9,com.sec.android.app.shealth,4118373f-122f-4a0b-a573-568ec3f83968,1777161600000,
a29c8d31-26df-4e91-8e57-371495c5fa75.binning_data.json,2026-04-27 19:26:29.046,2026-04-26 22:12:12.321,com.sec.android.app.shealth,-2,7033,1.2783611,5314.46,217.52998,VfS0qUERdZ,com.sec.android.app.shealth,a29c8d31-26df-4e91-8e57-371495c5fa75,1777248000000,
729f4fc8-c991-4766-b1bd-d691bb05845d.binning_data.json,2026-04-27 20:30:01.217,2026-04-27 20:30:01.217,com.sec.android.app.shealth,0,7033,1.2783611,5314.46,217.52998,9D1LETwId9,com.sec.android.app.shealth,729f4fc8-c991-4766-b1bd-d691bb05845d,1777248000000,
7d838fea-d6d4-493b-9de2-4592b246a085.binning_data.json,2026-04-28 18:18:46.709,2026-04-27 22:31:29.928,com.sec.android.app.shealth,-2,5293,1.2672743,3994.3198,164.46999,VfS0qUERdZ,com.sec.android.app.shealth,7d838fea-d6d4-493b-9de2-4592b246a085,1777334400000,
74379396-0d96-4e95-a6dd-0ba8bfa3017b.binning_data.json,2026-04-28 20:30:00.955,2026-04-28 20:30:00.955,com.sec.android.app.shealth,0,5293,1.2672743,3994.3198,164.46999,9D1LETwId9,com.sec.android.app.shealth,74379396-0d96-4e95-a6dd-0ba8bfa3017b,1777334400000,
ada02283-3594-41f3-bfae-8b4b8b372873.binning_data.json,2026-04-29 20:09:58.224,2026-04-28 20:42:06.101,com.sec.android.app.shealth,-2,6491,1.2731099,4908.5,202.31998,VfS0qUERdZ,com.sec.android.app.shealth,ada02283-3594-41f3-bfae-8b4b8b372873,1777420800000,
74f065da-96f3-44c3-b584-355d7dca3bd5.binning_data.json,2026-04-29 20:30:00.940,2026-04-29 20:30:00.940,com.sec.android.app.shealth,0,6491,1.2731099,4908.5,202.31998,9D1LETwId9,com.sec.android.app.shealth,74f065da-96f3-44c3-b584-355d7dca3bd5,1777420800000,
d2d0a580-0331-4b4d-8fd4-8ae087ec9006.binning_data.json,2026-04-30 18:54:36.990,2026-04-29 22:21:50.433,com.sec.android.app.shealth,-2,3021,1.1881227,2269.91,96.55999,VfS0qUERdZ,com.sec.android.app.shealth,d2d0a580-0331-4b4d-8fd4-8ae087ec9006,1777507200000,
927b9f4c-b9c5-4abf-8afe-37f9593b03c0.binning_data.json,2026-04-30 20:30:01.224,2026-04-30 20:30:01.224,com.sec.android.app.shealth,0,3021,1.1881227,2269.91,96.55999,9D1LETwId9,com.sec.android.app.shealth,927b9f4c-b9c5-4abf-8afe-37f9593b03c0,1777507200000,
6545ffb7-2244-44d5-84f4-3f65e8f855c6.binning_data.json,2026-05-01 19:39:42.789,2026-04-30 21:42:28.548,com.sec.android.app.shealth,-2,1098,1.1375195,819.08,35.979996,VfS0qUERdZ,com.sec.android.app.shealth,6545ffb7-2244-44d5-84f4-3f65e8f855c6,1777593600000,
8e72f12b-f96b-4f53-9f00-4f01c7f4cbc0.binning_data.json,2026-05-01 20:30:01.363,2026-05-01 20:30:01.363,com.sec.android.app.shealth,0,1098,1.1375195,819.08,35.979996,9D1LETwId9,com.sec.android.app.shealth,8e72f12b-f96b-4f53-9f00-4f01c7f4cbc0,1777593600000,
5963a805-6a22-4dfb-a8ab-19f6fbf5d884.binning_data.json,2026-05-03 20:30:01.822,2026-05-01 22:41:09.199,com.sec.android.app.shealth,-2,6784,1.278476,5149.05,212.06999,VfS0qUERdZ,com.sec.android.app.shealth,5963a805-6a22-4dfb-a8ab-19f6fbf5d884,1777680000000,
4ceb8dda-e0fd-411d-bf2f-823a90ac166e.binning_data.json,2026-05-02 20:35:24.080,2026-05-02 20:30:01.385,com.sec.android.app.shealth,0,6784,1.278476,5149.05,212.06999,9D1LETwId9,com.sec.android.app.shealth,4ceb8dda-e0fd-411d-bf2f-823a90ac166e,1777680000000,
1a81df23-c7a5-44d0-a21f-289f989270b8.binning_data.json,2026-05-03 18:48:22.149,2026-05-02 22:45:40.196,com.sec.android.app.shealth,-2,7029,1.2510849,5285.86,217.28996,VfS0qUERdZ,com.sec.android.app.shealth,1a81df23-c7a5-44d0-a21f-289f989270b8,1777766400000,
0e6a4c24-68d3-410d-a12e-cd437d28b89b.binning_data.json,2026-05-03 20:30:01.472,2026-05-03 20:30:01.472,com.sec.android.app.shealth,0,7029,1.2510849,5285.86,217.28996,9D1LETwId9,com.sec.android.app.shealth,0e6a4c24-68d3-410d-a12e-cd437d28b89b,1777766400000,
52b6a225-e56a-481b-b683-a74064970e8b.binning_data.json,2026-05-04 20:01:36.258,2026-05-03 21:07:23.195,com.sec.android.app.shealth,-2,3933,1.2666943,3020.31,128.32999,VfS0qUERdZ,com.sec.android.app.shealth,52b6a225-e56a-481b-b683-a74064970e8b,1777852800000,
e64748b5-6854-43d2-a99e-d2157b84fd6a.binning_data.json,2026-05-04 20:30:00.581,2026-05-04 20:30:00.581,com.sec.android.app.shealth,0,3933,1.2666943,3020.31,128.32999,9D1LETwId9,com.sec.android.app.shealth,e64748b5-6854-43d2-a99e-d2157b84fd6a,1777852800000,
0caa82aa-430f-44b4-a166-5ae6a7df683d.binning_data.json,2026-05-05 20:30:02.244,2026-05-04 21:28:40.233,com.sec.android.app.shealth,-2,7206,1.3208214,5540.7397,226.97997,VfS0qUERdZ,com.sec.android.app.shealth,0caa82aa-430f-44b4-a166-5ae6a7df683d,1777939200000,
1ec1b6a1-aba7-4eeb-b173-920bbd6756fc.binning_data.json,2026-05-06 20:31:05.616,2026-05-05 20:30:01.627,com.sec.android.app.shealth,0,3219,1.2434666,2457.3298,104.10999,9D1LETwId9,com.sec.android.app.shealth,1ec1b6a1-aba7-4eeb-b173-920bbd6756fc,1778025600000,
83987d5e-1f88-485f-bb21-d4d79553444b.binning_data.json,2026-05-05 20:30:01.639,2026-05-05 20:30:01.639,com.sec.android.app.shealth,0,7206,1.3208214,5540.7397,226.97997,9D1LETwId9,com.sec.android.app.shealth,83987d5e-1f88-485f-bb21-d4d79553444b,1777939200000,
97ddf843-a24c-4363-862e-1481e4498026.binning_data.json,2026-05-07 20:30:01.755,2026-05-05 20:30:02.166,com.sec.android.app.shealth,-2,3219,1.2434666,2457.3298,104.10999,VfS0qUERdZ,com.sec.android.app.shealth,97ddf843-a24c-4363-862e-1481e4498026,1778025600000,
7ef81673-655f-4b4b-8b5f-c45c55bb07bf.binning_data.json,2026-05-07 20:30:01.397,2026-05-06 20:31:05.594,com.sec.android.app.shealth,0,5849,1.3022727,4471.39,185.01999,9D1LETwId9,com.sec.android.app.shealth,7ef81673-655f-4b4b-8b5f-c45c55bb07bf,1778112000000,
18c4ac92-3208-49f1-9392-8ee488b6abf7.binning_data.json,2026-05-07 19:55:26.748,2026-05-06 20:31:05.668,com.sec.android.app.shealth,-2,5849,1.3022727,4471.39,185.01999,VfS0qUERdZ,com.sec.android.app.shealth,18c4ac92-3208-49f1-9392-8ee488b6abf7,1778112000000,
607927c8-c0d0-41df-aeeb-2bcb275f25c6.binning_data.json,2026-05-08 19:01:48.931,2026-05-07 20:51:16.993,com.sec.android.app.shealth,-2,1986,1.1200086,1484.09,64.61999,VfS0qUERdZ,com.sec.android.app.shealth,607927c8-c0d0-41df-aeeb-2bcb275f25c6,1778198400000,
f19ef8f4-f302-4269-9df6-3b5b338b9f4a.binning_data.json,2026-05-08 20:30:01.759,2026-05-08 20:30:01.759,com.sec.android.app.shealth,0,1986,1.1200086,1484.09,64.61999,9D1LETwId9,com.sec.android.app.shealth,f19ef8f4-f302-4269-9df6-3b5b338b9f4a,1778198400000,
d2caa491-7d3a-4c28-ba2f-ed0b90cd17a3.binning_data.json,2026-05-10 20:30:01.693,2026-05-08 21:19:27.934,com.sec.android.app.shealth,-2,5544,1.266192,4185.84,172.57999,VfS0qUERdZ,com.sec.android.app.shealth,d2caa491-7d3a-4c28-ba2f-ed0b90cd17a3,1778284800000,
94c29481-c604-4eea-af2f-38cde1f130c0.binning_data.json,2026-05-09 20:35:02.825,2026-05-09 20:30:01.543,com.sec.android.app.shealth,0,5544,1.266192,4185.84,172.57999,9D1LETwId9,com.sec.android.app.shealth,94c29481-c604-4eea-af2f-38cde1f130c0,1778284800000,
f6fd7ef3-cf59-4fbb-bbfb-ef415229b55e.binning_data.json,2026-05-10 20:30:01.348,2026-05-09 20:35:02.821,com.sec.android.app.shealth,0,3741,1.2406054,2831.32,118.159996,9D1LETwId9,com.sec.android.app.shealth,f6fd7ef3-cf59-4fbb-bbfb-ef415229b55e,1778371200000,
5fa6eb98-ccbd-435a-ad9b-35041d04fd5f.binning_data.json,2026-05-10 19:12:02.884,2026-05-09 20:35:03.006,com.sec.android.app.shealth,-2,3741,1.2406054,2831.32,118.159996,VfS0qUERdZ,com.sec.android.app.shealth,5fa6eb98-ccbd-435a-ad9b-35041d04fd5f,1778371200000,
4641dd2b-a210-477f-ae39-fa0f7c29428b.binning_data.json,2026-05-11 19:00:51.054,2026-05-10 22:23:51.825,com.sec.android.app.shealth,-2,5774,1.2927035,4450.79,185.15999,VfS0qUERdZ,com.sec.android.app.shealth,4641dd2b-a210-477f-ae39-fa0f7c29428b,1778457600000,
83038363-4dbc-4fb1-9465-634af373b3ff.binning_data.json,2026-05-11 20:30:01.091,2026-05-11 20:30:01.091,com.sec.android.app.shealth,0,5774,1.2927035,4450.79,185.15999,9D1LETwId9,com.sec.android.app.shealth,83038363-4dbc-4fb1-9465-634af373b3ff,1778457600000,
8928536f-325f-4cbf-87fd-7854a0c3b023.binning_data.json,2026-05-13 20:30:01.366,2026-05-11 21:58:32.096,com.sec.android.app.shealth,-2,6670,1.2215312,5008.1,207.25998,VfS0qUERdZ,com.sec.android.app.shealth,8928536f-325f-4cbf-87fd-7854a0c3b023,1778544000000,
874e47d5-12d3-4c20-a3f2-a5663e4df7f4.binning_data.json,2026-05-12 20:35:50.319,2026-05-12 20:30:01.178,com.sec.android.app.shealth,0,6670,1.2215312,5008.1,207.25998,9D1LETwId9,com.sec.android.app.shealth,874e47d5-12d3-4c20-a3f2-a5663e4df7f4,1778544000000,
59ac80c0-69c3-463c-b209-33a342432016.binning_data.json,2026-05-13 20:27:04.434,2026-05-12 20:49:38.397,com.sec.android.app.shealth,-2,3554,1.1987926,2657.45,111.80999,VfS0qUERdZ,com.sec.android.app.shealth,59ac80c0-69c3-463c-b209-33a342432016,1778630400000,
65576e1c-6c1c-4137-bc1d-5910a6dc1b35.binning_data.json,2026-05-13 20:30:00.934,2026-05-13 20:30:00.934,com.sec.android.app.shealth,0,3554,1.1987926,2657.45,111.80999,9D1LETwId9,com.sec.android.app.shealth,65576e1c-6c1c-4137-bc1d-5910a6dc1b35,1778630400000,
278c48f5-3e4b-4403-825a-ac1f46630335.binning_data.json,2026-05-14 20:16:04.444,2026-05-13 22:06:07.994,com.sec.android.app.shealth,-2,2986,1.2045434,2226.3398,93.7,VfS0qUERdZ,com.sec.android.app.shealth,278c48f5-3e4b-4403-825a-ac1f46630335,1778716800000,
75b36656-ce19-437f-b38d-e1031f488cac.binning_data.json,2026-05-14 20:30:04.832,2026-05-14 20:30:04.832,com.sec.android.app.shealth,0,2986,1.2045434,2226.3398,93.7,9D1LETwId9,com.sec.android.app.shealth,75b36656-ce19-437f-b38d-e1031f488cac,1778716800000,
7828d559-3f71-4e3f-9a1c-431cee2ccb23.binning_data.json,2026-05-15 20:08:33.571,2026-05-14 21:55:07.407,com.sec.android.app.shealth,-2,1876,1.1197306,1402.38,60.90999,VfS0qUERdZ,com.sec.android.app.shealth,7828d559-3f71-4e3f-9a1c-431cee2ccb23,1778803200000,
59234086-65b0-469b-a328-a869bf474b42.binning_data.json,2026-05-15 20:30:01.332,2026-05-15 20:30:01.332,com.sec.android.app.shealth,0,1876,1.1197306,1402.38,60.90999,9D1LETwId9,com.sec.android.app.shealth,59234086-65b0-469b-a328-a869bf474b42,1778803200000,
5ff06861-de99-4436-9236-636c0e67b669.binning_data.json,2026-05-16 12:02:36.606,2026-05-15 20:54:22.052,com.sec.android.app.shealth,-2,1779,1.2617363,1357.64,56.44999,VfS0qUERdZ,com.sec.android.app.shealth,5ff06861-de99-4436-9236-636c0e67b669,1778889600000,
